video_id,url,title
7430097165864799489,https://www.tiktok.com/@delight_cook/video/7430097165864799489,"우울한 땐 티라미숙해~ #밤티라미수 우울감 박살내는 밤 ...
TikTok · 
delight_cook"
7424440344537877767,https://www.tiktok.com/@yang_atti/video/7424440344537877767,"100% 성공하는 밤 티라미수 레시피
TikTok · 
yang_atti"
7477503618430553351,https://www.tiktok.com/@sugartokiee/video/7477503618430553351,"진짜 맛있는 밤티라미수 간식 추천
TikTok · 
sugartokiee"
7422221950858104082,https://www.tiktok.com/@jabsik_dinosaur/video/7422221950858104082,"흑백요리사 밤티라미수 레시피와 먹방 | 디저트레시피 밤 티라미수
TikTok · 
jabsik_dinosaur"
7421752012926160135,https://www.tiktok.com/@soyohome/video/7421752012926160135,"흑백요리사 밤티라미수 99%똑같이 만드는 법 🌰 . 📌레시피 - 밤 ...
TikTok · 
soyohome"
7437486969585732882,https://www.tiktok.com/@jjangtaku/video/7437486969585732882,"깨먹는 밤티라미슈 먹방 - #asmr
TikTok · 
jjangtaku"
7426677659490389256,https://www.tiktok.com/@jabsik_dinosaur/video/7426677659490389256,"밤티라미수 리뷰: CU에서 실망과 만족을 찾다
TikTok · 
jabsik_dinosaur"
7432599848148389127,https://www.tiktok.com/@jabsik_dinosaur/video/7432599848148389127,"밤티라미수의 새로운 매력! 깨먹는 하트 티라미수 신메뉴 소개
TikTok · 
jabsik_dinosaur"
7432700320658017537,https://www.tiktok.com/@icezzycs/video/7432700320658017537,"ในที่สุดก็ได้กิน หาซื้อมานานมากกกกก #흑백요리사 #나폴리맛피아 ...
TikTok · 
icezzycs"
7436321036892949768,https://www.tiktok.com/@sweetshops2/video/7436321036892949768,"밤티라미수 만들기: 꿀밤 디저트 만들기 DIY
TikTok · 
sweetshops2"
7421749172195347730,https://www.tiktok.com/@chu.berup/video/7421749172195347730,"흑백요리사 밤티라미수 레시피
TikTok · 
chu.berup"
7421861826960297234,https://www.tiktok.com/@kkukku_diy/video/7421861826960297234,"흑백요리사 밤 티라미수 만들기 - 재료와 레시피
TikTok · 
kkukku_diy"
7425543777248496903,https://www.tiktok.com/@ddimmi96/video/7425543777248496903,"방구석 초간단 밤 티라미수 레시피
TikTok · 
ddimmi96"
7421440620843011336,https://www.tiktok.com/@breadin__/video/7421440620843011336,"흑백 요리사 밤티라미수 레시피 딱 알려드릴게요!
TikTok · 
breadin__"
7429207396515368209,https://www.tiktok.com/@l._.v_zzi/video/7429207396515368209,"☑️흑백요리사 밤 티라미수 솔직후기 정성 가득한 영상 끝까지 ...
TikTok · 
l._.v_zzi"
7424920356139355410,https://www.tiktok.com/@wmotion/video/7424920356139355410,"클레이로 만든 밤티라미수 스톱모션
TikTok · 
wmotion"
7446721978280643847,https://www.tiktok.com/@haydencraft/video/7446721978280643847,"흑백요리사의 밤티라미수 먹방 및 리뷰 | 주말 나들이 가볍게 ...
TikTok · 
haydencraft"
7426952143472430352,https://www.tiktok.com/@sum.yom/video/7426952143472430352,"울산에 역대급 밤티라미수 발견 ✌🏻🌰 요즘 어디서나 밤 디저트 ...
TikTok · 
sum.yom"
7435565707099655432,https://www.tiktok.com/@danjerous_siblings/video/7435565707099655432,"하트 밤 티라미수 리뷰 🌰🤎
TikTok · 
danjerous_siblings"
7423227334720802056,https://www.tiktok.com/@nabongcafe/video/7423227334720802056,"밤 티라미수 만들기: 나폴리 맛피아 레시피
TikTok · 
nabongcafe"
7465537565601369362,https://www.tiktok.com/@seoul1kki/video/7465537565601369362,"요즘 핫한 맛폴리 cu #밤티라미수 사먹어 본 솔직한 후기는 한 입 ...
TikTok · 
seoul1kki"
7421845421137431816,https://www.tiktok.com/@akkiri__/video/7421845421137431816,"밤 티라미수 레시피와 흑백요리사의 요리 비법
TikTok · 
akkiri__"
7425150947942337810,https://www.tiktok.com/@qbee.eat/video/7425150947942337810,"CU 맛폴리 밤티라미수 리뷰 - 기대 이하로 실망
TikTok · 
qbee.eat"
7423340526742654215,https://www.tiktok.com/@wow_mukbang/video/7423340526742654215,"밤 티라미수 만드는 법 - 흑백요리사
TikTok · 
wow_mukbang"
7481244673546276114,https://www.tiktok.com/@dateliquornote/video/7481244673546276114,"화이트데이 기념 옥수수 티라미수, 밤 티라미수 멀티버스.ver ...
TikTok · 
dateliquornote"
7432914510291193095,https://www.tiktok.com/@finger.tipss/video/7432914510291193095,"밤티라미수 리뷰: 연세 우유 빵의 진수
TikTok · 
finger.tipss"
7423713362128768264,https://www.tiktok.com/@clip_naram/video/7423713362128768264,"흑백요리사 : 밤 티라미수 제작, 영상클립
TikTok · 
clip_naram"
7428221719556459794,https://www.tiktok.com/@bopptdiet/video/7428221719556459794,"사먹는 밤티라미수 vs 수제 밤티라미수
TikTok · 
bopptdiet"
7425568512472583442,https://www.tiktok.com/@hyunso_o/video/7425568512472583442,"흑백요리사 밤티라미수 구하기
TikTok · 
hyunso_o"
7424813558879309063,https://www.tiktok.com/@qqppaall0098/video/7424813558879309063,"흑백 요리사 밤티라미수 맛보기 리뷰
TikTok · 
qqppaall0098"
7429166763645865224,https://www.tiktok.com/@subusunews.official/video/7429166763645865224?lang=ko-KR,"흑백요리사 CU 밤 티라미수컵 리뉴얼 전후 완벽 비교해 ...
TikTok · 
subusunews.official"
7473442430675635474,https://www.tiktok.com/@crackup9n0/video/7473442430675635474,"나폴리 맛피아의 밤티라미수 만들기#흑백요리사 #디저트
TikTok · 
crackup9n0"
7425122299977665810,https://www.tiktok.com/@wmotion/video/7425122299977665810,"클레이로 만든 밤티라미수 스톱모션 미니어처 디저트
TikTok · 
wmotion"
7423346875891223815,https://www.tiktok.com/@nymilnymil/video/7423346875891223815,"흑백요리사: 밤티라미수 만들기
TikTok · 
nymilnymil"
7440399007316266261,https://www.tiktok.com/@sb.__.04/video/7440399007316266261,"밤 티라미수 편의점 출시 소식
TikTok · 
sb.__.04"
7475265051910262034,https://www.tiktok.com/@soou_bin1205/video/7475265051910262034,"밤티라미수 레시피 공유
TikTok · 
soou_bin1205"
7428231010900397328,https://www.tiktok.com/@moo.zabi/video/7428231010900397328,"무자비한 밤티라미수컵 먹방 리뷰
TikTok · 
moo.zabi"
7441079228424064264,https://www.tiktok.com/@sikhoo.bbang/video/7441079228424064264,"사전예약 1분 완판 주인공 밤티라미수아이스크림 #밤티라미수 ...
TikTok · 
sikhoo.bbang"
7426402718320758034,https://www.tiktok.com/@sinsangpanda/video/7426402718320758034,"CU신상 흑백요리사 밤티라미수컵 리뷰
TikTok · 
sinsangpanda"
7421498369014533384,https://www.tiktok.com/@hiharu_22/video/7421498369014533384,"흑백요리사 밤티라미수 만들기 과정 소개
TikTok · 
hiharu_22"
7421821831734234376,https://www.tiktok.com/@kkuriya/video/7421821831734234376,"여러분은 흑백요리사에서 어떤분을 응원하고 계신가요? #밤 ...
TikTok · 
kkuriya"
7433021067775511826,https://www.tiktok.com/@mukeoyou.daejeon/video/7433021067775511826,"대전용전동 맛피아의 보늬밤티라미수를 드셔보셨나요? 요즘 ...
TikTok · 
mukeoyou.daejeon"
7434752986196331793,https://www.tiktok.com/@pigpig_land/video/7434752986196331793,"가을 한정 출시! 밤티라미수월드 디저트 소개
TikTok · 
pigpig_land"
7431142669872614676,https://www.tiktok.com/@y_not_eat/video/7431142669872614676,"나만 CU 밤 티라미수 별로였어? 리뉴얼된 거 먹어본 사람? #밤 ...
TikTok · 
y_not_eat"
7421069951575887112,https://www.tiktok.com/@efocusnews/video/7421069951575887112,"흑백요리사 '밤 티라미수' 편의점 CU서 출시된다 . 편의점 CU는 ...
TikTok · 
efocusnews"
7431545862477696274,https://www.tiktok.com/@jabsik_dinosaur/video/7431545862477696274,"연세우유 먹방: 커피빵 맛있어요!
TikTok · 
jabsik_dinosaur"
7426205088445746440,https://www.tiktok.com/@grinemo/video/7426205088445746440,"흑백 요리사 : 밤 티라미수 외전#흑백요리사 #culinaryclasswars
TikTok · 
grinemo"
7426298414477937928,https://www.tiktok.com/@enjoycouple/video/7426298414477937928,"나폴리 맛피아 밤티라미수 먹방! 티라미수 품절 대란 속 흑백 ...
TikTok · 
enjoycouple"
7422934042976341266,https://www.tiktok.com/@.breadtube/video/7422934042976341266,"대반전인 밤 티라미수의 배신?! 재료가 이렇게 많이 남으면 어떡 ...
TikTok · 
.breadtube"
7442252343627894024,https://www.tiktok.com/@leeoh_review_3/video/7442252343627894024,"사전예약 1분에 완판 된 밤티라미수 아이스크림 출시🌰 여러분 ...
TikTok · 
leeoh_review_3"
7424076245891157256,https://www.tiktok.com/@boboday61/video/7424076245891157256,"흑백요리사와 밤티라미수 레시피
TikTok · 
boboday61"
7468550749744614674,https://www.tiktok.com/@rewidkprqhx/video/7468550749744614674,"흑백요리사 나폴리맛피아님의 밤티라미수#shorts
TikTok · 
rewidkprqhx"
7429279844204072210,https://www.tiktok.com/@hyunso_o/video/7429279844204072210,"밤티라미수 편의점 출시
TikTok · 
hyunso_o"
7436202845914909969,https://www.tiktok.com/@muk_kkangpae/video/7436202845914909969,"아니 이제 밤티라미수가 이렇게 저렇게 계속 나오다 나오다 연세 ...
TikTok · 
muk_kkangpae"
7422664779916938517,https://www.tiktok.com/@jiwon0280/video/7422664779916938517,"흑백 요리사 최강록: 밤 티라미수 만들기
TikTok · 
jiwon0280"
7426673942154317064,https://www.tiktok.com/@muk_marorong/video/7426673942154317064,"🌰욕심쟁이라 3개나 샀는데 어떡하쥬..? 논란의 맛폴리 밤 ...
TikTok · 
muk_marorong"
7435570456050142472,https://www.tiktok.com/@_karinaletheia/video/7435570456050142472?lang=ceb-PH,"trying the viral #밤티라미수컵 #culinaryclasswars #korea ...
TikTok · 
_karinaletheia"
7429233276470005008,https://www.tiktok.com/@scy7and18/video/7429233276470005008,"밤티라미수 먹방 ft. 흑백 요리사 | 안면윤곽, 맛과 향이 기대 이상?
TikTok · 
scy7and18"
7438551509232536839,https://www.tiktok.com/@teddy_zip_/video/7438551509232536839,"인천 검단 신도시의 밤티라미수 소금빵 맛집
TikTok · 
teddy_zip_"
7424121341046967568,https://www.tiktok.com/@today_dessert/video/7424121341046967568,"밤티라미수: 이진석의 특별한 레시피
TikTok · 
today_dessert"
7444511918141803783,https://www.tiktok.com/@to_de_e/video/7444511918141803783,"토디's🧸수제디저트는 프로필 링크에서🧡 밤티라미수 레시피가 ...
TikTok · 
to_de_e"
7422252766074129671,https://www.tiktok.com/@bopptdiet/video/7422252766074129671,"밤 고구마 티라미수 레시피 및 다이어트 팁
TikTok · 
bopptdiet"
7438903461732715794,https://www.tiktok.com/@jeobatson/video/7438903461732715794,"이번엔 딸기맛이라구요? #흑백요리사 #나폴리맛피아 #딸기맛 ...
TikTok · 
jeobatson"
7442567013383326984,https://www.tiktok.com/@z.e.o.m/video/7442567013383326984,"청주 현백 밤티라미수 팝업 오픈! 11/29(금)~12월 5일(목) 단 7 ...
TikTok · 
z.e.o.m"
7428801939455954184,https://www.tiktok.com/@haeu__29/video/7428801939455954184,"밤티라미수🌰🤎 집에 밤페이스트가 남아서 나도 흑백요리사 밤 ...
TikTok · 
haeu__29"
7423009331106401543,https://www.tiktok.com/@user4136991736556/video/7423009331106401543,"🎂 초간단 다이어트 밤 티라미수! 이렇게 만들면 식사 대용으로도 ...
TikTok · 
user4136991736556"
7436090347102473479,https://www.tiktok.com/@globalfoodcuisinelab/video/7436090347102473479,"흑백요리사 나폴리맛피아의 [밤티라미수] 정말 쉽게 똑같이 ...
TikTok · 
globalfoodcuisinelab"
7474830852405333266,https://www.tiktok.com/@harusigan/video/7474830852405333266,"밤 티라미수 🌰 흑백요리사에서 핫한 디저트였던 밤티라미수 ...
TikTok · 
harusigan"
7432857964643454215,https://www.tiktok.com/@sinsangpanda/video/7432857964643454215,"하트티라미수 밤티라미수 후기 및 신상 맛피아 티라미수 ...
TikTok · 
sinsangpanda"
7428918277159668999,https://www.tiktok.com/@nongjangs/video/7428918277159668999,"흑백요리사 밤티라미수 똑같이 만드는 법🌰 #밤티라미수 #흑백 ...
TikTok · 
nongjangs"
7433375174130404626,https://www.tiktok.com/@jings_asmr/video/7433375174130404626,"밤티라미수: 깨먹는 하트 디저트 ASMR 먹방
TikTok · 
jings_asmr"
7423670315986832648,https://www.tiktok.com/@mo.mo_music/video/7423670315986832648,"화음이 밤티라미수 급으로 달달한 커플의 Too Sweet 커버 ...
TikTok · 
mo.mo_music"
7428992241525427473,https://www.tiktok.com/@ming_di._/video/7428992241525427473,"밤티라미수🌰 #밤티라미수 #티라미수 #흑백요리사 #나폴리맛 ...
TikTok · 
ming_di._"
7425928698001476872,https://www.tiktok.com/@mayofood/video/7425928698001476872,"가을밤 몽블랑 디저트 | 유자크림과 밤크림의 향긋한 조합
TikTok · 
mayofood"
7451097615497727250,https://www.tiktok.com/@eats__good_/video/7451097615497727250,"✅️ 흑백요리사 맛폴리 밤티라미수컵 ㅡㅡㅡㅡㅡㅡㅡㅡㅡㅡㅡ ...
TikTok · 
eats__good_"
7431862996713966855,https://www.tiktok.com/@kyh0624/video/7431862996713966855,"밤티라미수 생크림빵 레시피
TikTok · 
kyh0624"
7470447355452607751,https://www.tiktok.com/@busantoctoc/video/7470447355452607751,"전포 히든카페 팟오브부산의 티라미수 명작
TikTok · 
busantoctoc"
7426990027214834951,https://www.tiktok.com/@nado_odo/video/7426990027214834951,"밤 티라미수 맛 평가와 레시피 소개
TikTok · 
nado_odo"
7470556669005663506,https://www.tiktok.com/@winumusyvv4/video/7470556669005663506,"엄청 핫한 흑백요리사 밤티라미수! 인천에서도 먹을 수 있는 곳 ...
TikTok · 
winumusyvv4"
7429426551298575624,https://www.tiktok.com/@sinsangpanda/video/7429426551298575624,"GS25 신상 흑백요리사 밤티라미수 & 마롱티라미수 후기
TikTok · 
sinsangpanda"
7449604570767969543,https://www.tiktok.com/@subusunews.official/video/7449604570767969543,"CU 밤티라미수의 후속작 등장 그 맛을 이길 수 있을까 #갓나온 ...
TikTok · 
subusunews.official"
7439351662566788353,https://www.tiktok.com/@ruyuan_food/video/7439351662566788353,"배라 역대급 신상 밤티라미수 아이스모찌 #추천
TikTok · 
ruyuan_food"
7481635546616384786,https://www.tiktok.com/@onhwa/video/7481635546616384786,"티라미수 먹방 ASMR: 부드러운 달콤함 즐기기
TikTok · 
onhwa"
7434453532734000385,https://www.tiktok.com/@sb.__.04/video/7434453532734000385,"마롱 티라미수 맛있지 않다? 솔직한 리뷰
TikTok · 
sb.__.04"
7437440423762627858,https://www.tiktok.com/@cu_official/video/7437440423762627858,"맛폴리의 새로운 티라미수 만들기 미션!
TikTok · 
cu_official"
7440545173748174087,https://www.tiktok.com/@sinsangpanda/video/7440545173748174087,"라라스윗 신상 밤티라미수 아이스크림 패는 후기 #라라스윗#밤 ...
TikTok · 
sinsangpanda"
7436066622495788296,https://www.tiktok.com/@seo._.h_911/video/7436066622495788296,"밤티라미수, 깨먹는 하트 티라미수와 흑백 요리사의 현실 #제품 ...
TikTok · 
seo._.h_911"
7423294715732217106,https://www.tiktok.com/@chobom_table/video/7423294715732217106,"생크림 안 넣은 흑백요리사 #밤티라미수 #디저트만들기 ...
TikTok · 
chobom_table"
7421467938781187346,https://www.tiktok.com/@jeobatson/video/7421467938781187346,"편의점에서 만드는 나폴리 맛피아 티라미수
TikTok · 
jeobatson"
7434841110859631879,https://www.tiktok.com/@danbeekitchen/video/7434841110859631879,"이건 살 안쪄 🌰 밤티라미수 나폴리맛피아 밤티라미수보고 저건 ...
TikTok · 
danbeekitchen"
7428149877433060626,https://www.tiktok.com/@hodducks_food/video/7428149877433060626,"(일단공유) 밤티라미수 이제 맘껏 먹어도된대!! 이미 강릉 초당동 ...
TikTok · 
hodducks_food"
7437323665777167624,https://www.tiktok.com/@woncookk/video/7437323665777167624,"10분 만에 만드는 커피 티라미수 레시피
TikTok · 
woncookk"
7434466369908788487,https://www.tiktok.com/@ciizezphr/video/7434466369908788487,"#하트티라미수 ❤️
TikTok · 
ciizezphr"
7441560402019896594,https://www.tiktok.com/@y_not_eat/video/7441560402019896594,"CU에서#광고CU에서무조건 쟁이세요!! ⚡️ - 11월 25일부터 ...
TikTok · 
y_not_eat"
7431576489541258517,https://www.tiktok.com/@wow_mukbang/video/7431576489541258517,"연세우유 생크림빵 새로운 맛 발견! 편의점 스낵 추천
TikTok · 
wow_mukbang"
7423750525620849927,https://www.tiktok.com/@keto_design_lab/video/7423750525620849927,"키토 밤 티라미수 #밤티라미수 #티라미수 #키토밤티라미수
TikTok · 
keto_design_lab"
7440090789692132615,https://www.tiktok.com/@bread_baking_time/video/7440090789692132615,"달콤한 밤티라미수🍰✨ 지현쿡 유튜버 레시피로 간단히 만들기 ...
TikTok · 
bread_baking_time"
7421134682269568264,https://www.tiktok.com/@ramingasmr/video/7421134682269568264,"흑백 요리사와 밤 티라미수 만들기
TikTok · 
ramingasmr"
7438871331078196487,https://www.tiktok.com/@jun_taste/video/7438871331078196487,"이웃집 통통이 밤 티라미수 3종 먹방!🌰 Chestnut Tiramisu ...
TikTok · 
jun_taste"
7424906800845147393,https://www.tiktok.com/@sb.__.04/video/7424906800845147393,"밤 티라미수와 초코 마시멜로우팡 리뷰
TikTok · 
sb.__.04"
